-- MySQL dump 10.13  Distrib 8.0.31, for macos13.0 (arm64)
--
-- Host: localhost    Database: test_equip
-- ------------------------------------------------------
-- Server version	8.0.31

/*!40101 SET @OLD_CHARACTER_SET_CLIENT=@@CHARACTER_SET_CLIENT */;
/*!40101 SET @OLD_CHARACTER_SET_RESULTS=@@CHARACTER_SET_RESULTS */;
/*!40101 SET @OLD_COLLATION_CONNECTION=@@COLLATION_CONNECTION */;
/*!50503 SET NAMES utf8mb4 */;
/*!40103 SET @OLD_TIME_ZONE=@@TIME_ZONE */;
/*!40103 SET TIME_ZONE='+00:00' */;
/*!40014 SET @OLD_UNIQUE_CHECKS=@@UNIQUE_CHECKS, UNIQUE_CHECKS=0 */;
/*!40014 SET @OLD_FOREIGN_KEY_CHECKS=@@FOREIGN_KEY_CHECKS, FOREIGN_KEY_CHECKS=0 */;
/*!40101 SET @OLD_SQL_MODE=@@SQL_MODE, SQL_MODE='NO_AUTO_VALUE_ON_ZERO' */;
/*!40111 SET @OLD_SQL_NOTES=@@SQL_NOTES, SQL_NOTES=0 */;

--
-- Table structure for table `equipment`
--

DROP TABLE IF EXISTS `equipment`;
/*!40101 SET @saved_cs_client     = @@character_set_client */;
/*!50503 SET character_set_client = utf8mb4 */;
CREATE TABLE `equipment` (
  `id_l` int NOT NULL,
  `title` varchar(45) NOT NULL,
  `producer` varchar(45) NOT NULL,
  `status_update_date` date DEFAULT NULL,
  `status` int DEFAULT NULL,
  `eq_t` int NOT NULL,
  PRIMARY KEY (`id_l`),
  KEY `eq_t_idx` (`eq_t`),
  CONSTRAINT `eq_t` FOREIGN KEY (`eq_t`) REFERENCES `equipment_type` (`id_t`)
) ENGINE=InnoDB DEFAULT CHARSET=utf8mb4 COLLATE=utf8mb4_0900_ai_ci;
/*!40101 SET character_set_client = @saved_cs_client */;

--
-- Dumping data for table `equipment`
--

LOCK TABLES `equipment` WRITE;
/*!40000 ALTER TABLE `equipment` DISABLE KEYS */;
INSERT INTO `equipment` VALUES (0,'Intel Core i6-2101K','Intel','2022-07-01',1,1),(1,'Intel Core i4-9580K','Intel','2022-06-27',2,1),(2,'Intel Core i1-7991K','Intel','2022-05-23',2,1),(3,'Intel Core i2-7880K','Intel','2022-10-08',2,1),(4,'Intel Core i5-7844K','Intel','2022-12-10',2,1),(5,'Intel Core i1-9201K','Intel','2022-10-21',2,1),(6,'Intel Core i1-8306K','Intel','2022-11-24',2,1),(7,'Intel Core i7-5842K','Intel','2022-11-13',2,1),(8,'Intel Core i8-8868K','Intel','2022-09-16',2,1),(9,'Intel Core i2-2165K','Intel','2022-09-09',1,1),(10,'Asus M5-7609Q','ASUS','2022-09-09',1,3),(11,'Asus M8-5431Q','ASUS','2022-07-23',2,3),(12,'Asus M7-6771Q','ASUS','2022-11-18',1,3),(13,'Asus M9-1619Q','ASUS','2022-04-16',1,3),(14,'Asus M4-3258Q','ASUS','2022-02-22',2,3),(15,'Asus M4-2374Q','ASUS','2022-09-24',2,3),(16,'Asus M4-6366Q','ASUS','2022-11-27',1,3),(17,'Asus M8-4488Q','ASUS','2022-05-11',1,3),(18,'Asus M1-7385Q','ASUS','2022-06-08',2,3),(19,'Asus M6-4984Q','ASUS','2022-08-06',2,3),(20,'Asus PC6-1803','ASUS','2022-08-17',2,2),(21,'Asus PC5-1469','ASUS','2022-07-10',1,2),(22,'Asus PC4-8491','ASUS','2022-12-08',1,2),(23,'Asus PC5-3622','ASUS','2022-12-11',2,2),(24,'Asus PC4-4818','ASUS','2022-06-11',1,2),(25,'Asus PC7-8655','ASUS','2022-11-06',1,2),(26,'Asus PC3-2154','ASUS','2022-08-07',2,2),(27,'Asus PC5-8621','ASUS','2022-06-18',2,2),(28,'Asus PC7-8383','ASUS','2022-12-05',2,2),(29,'Asus PC3-8824','ASUS','2022-10-25',2,2),(30,'GIGABYTE MH6-2566-90','GIGABYTE','2022-09-15',1,4),(31,'GIGABYTE MH8-8596-91','GIGABYTE','2022-03-02',1,4),(32,'GIGABYTE MH5-6371-70','GIGABYTE','2022-11-19',2,4),(33,'GIGABYTE MH8-9858-13','GIGABYTE','2022-02-28',2,4),(34,'GIGABYTE MH9-7719-57','GIGABYTE','2022-06-06',2,4),(35,'GIGABYTE MH1-5712-51','GIGABYTE','2022-11-17',2,4),(36,'GIGABYTE MH4-9412-95','GIGABYTE','2022-03-02',2,4),(37,'GIGABYTE MH9-3349-74','GIGABYTE','2022-11-16',2,4),(38,'GIGABYTE MH1-9877-60','GIGABYTE','2022-12-09',1,4),(39,'GIGABYTE MH6-3127-92','GIGABYTE','2022-05-31',2,4),(40,'MSI K3-3169-57','MSI','2022-04-15',1,4),(41,'MSI K1-9249-83','MSI','2022-06-16',2,4),(42,'MSI K1-3645-84','MSI','2022-06-19',2,4),(43,'MSI K5-4423-65','MSI','2022-08-29',1,4),(44,'MSI K4-7417-56','MSI','2022-02-09',2,4),(45,'MSI K4-4694-13','MSI','2022-05-31',2,4),(46,'MSI K7-1329-34','MSI','2022-10-03',1,4),(47,'MSI K1-7317-24','MSI','2022-11-03',2,4),(48,'MSI K3-6862-80','MSI','2022-06-03',2,4),(49,'MSI K6-2644-77','MSI','2022-08-10',2,4),(50,'ASRock Q8-3238-57','ASRock','2022-08-23',1,5),(51,'ASRock Q1-8424-58','ASRock','2022-11-27',2,5),(52,'ASRock Q2-3923-79','ASRock','2022-05-21',2,5),(53,'ASRock Q5-2671-71','ASRock','2022-05-14',2,5),(54,'ASRock Q6-4769-40','ASRock','2022-08-28',2,5),(55,'ASRock Q7-1889-10','ASRock','2022-10-14',1,5),(56,'ASRock Q8-2195-20','ASRock','2022-06-03',1,5),(57,'ASRock Q6-6106-30','ASRock','2022-05-08',2,5),(58,'ASRock Q2-4458-13','ASRock','2022-08-23',2,5),(59,'ASRock Q3-7709-13','ASRock','2022-10-19',1,5),(60,'AMD Ryzen 7 7265X','Intel','2022-06-04',2,1),(61,'AMD Ryzen 2 3386X','Intel','2022-10-31',2,1),(62,'AMD Ryzen 5 6328X','Intel','2022-11-28',1,1),(63,'AMD Ryzen 9 7926X','Intel','2022-12-15',2,1),(64,'AMD Ryzen 6 8660X','Intel','2022-09-27',2,1),(65,'AMD Ryzen 2 2327X','Intel','2022-05-11',2,1),(66,'AMD Ryzen 9 1740X','Intel','2022-10-29',2,1),(67,'AMD Ryzen 6 4376X','Intel','2022-11-21',2,1),(68,'AMD Ryzen 7 9212X','Intel','2022-09-08',1,1),(69,'AMD Ryzen 3 2171X','Intel','2022-07-18',2,1),(70,'AMD Ryzen 2 3175X','Intel','2022-12-05',2,1),(71,'AMD Ryzen 5 5400X','Intel','2022-11-05',1,1),(72,'AMD Ryzen 1 9985X','Intel','2022-10-10',1,1),(73,'AMD Ryzen 7 3940X','Intel','2022-09-20',1,1),(74,'AMD Ryzen 7 7576X','Intel','2022-04-25',2,1),(75,'AMD Ryzen 6 5742X','Intel','2022-11-05',2,1),(76,'AMD Ryzen 6 1167X','Intel','2022-08-13',2,1),(77,'AMD Ryzen 3 3471X','Intel','2022-10-12',2,1),(78,'AMD Ryzen 5 7752X','Intel','2022-10-24',1,1),(79,'AMD Ryzen 6 9812X','Intel','2022-02-26',1,1),(80,'AMD Ryzen 1 8727X','Intel','2022-03-24',1,1),(81,'AMD Ryzen 9 2633X','Intel','2022-09-30',1,1),(82,'AMD Ryzen 2 3219X','Intel','2022-10-21',2,1),(83,'AMD Ryzen 3 7684X','Intel','2022-07-16',2,1),(84,'AMD Ryzen 2 7787X','Intel','2022-11-09',2,1),(85,'AMD Ryzen 7 6269X','Intel','2022-11-02',2,1),(86,'AMD Ryzen 2 1427X','Intel','2022-08-15',2,1),(87,'AMD Ryzen 2 8913X','Intel','2022-12-01',2,1),(88,'AMD Ryzen 3 9186X','Intel','2022-05-14',1,1),(89,'AMD Ryzen 7 7140X','Intel','2022-09-25',2,1),(90,'AMD Ryzen 2 5322X','Intel','2022-07-19',2,1),(91,'AMD Ryzen 6 8595X','Intel','2022-06-01',2,1),(92,'AMD Ryzen 5 2854X','Intel','2022-10-28',2,1),(93,'AMD Ryzen 7 6635X','Intel','2022-05-02',1,1),(94,'AMD Ryzen 3 6118X','Intel','2022-12-08',2,1),(95,'AMD Ryzen 2 5748X','Intel','2022-12-11',2,1),(96,'AMD Ryzen 2 6958X','Intel','2022-09-15',1,1),(97,'AMD Ryzen 9 5818X','Intel','2022-10-18',2,1),(98,'AMD Ryzen 5 5112X','Intel','2022-10-07',2,1),(99,'AMD Ryzen 1 6334X','Intel','2022-09-17',2,1);
/*!40000 ALTER TABLE `equipment` ENABLE KEYS */;
UNLOCK TABLES;

--
-- Table structure for table `equipment_type`
--

DROP TABLE IF EXISTS `equipment_type`;
/*!40101 SET @saved_cs_client     = @@character_set_client */;
/*!50503 SET character_set_client = utf8mb4 */;
CREATE TABLE `equipment_type` (
  `id_t` int NOT NULL,
  `type` varchar(45) DEFAULT NULL,
  PRIMARY KEY (`id_t`)
) ENGINE=InnoDB DEFAULT CHARSET=utf8mb4 COLLATE=utf8mb4_0900_ai_ci;
/*!40101 SET character_set_client = @saved_cs_client */;

--
-- Dumping data for table `equipment_type`
--

LOCK TABLES `equipment_type` WRITE;
/*!40000 ALTER TABLE `equipment_type` DISABLE KEYS */;
INSERT INTO `equipment_type` VALUES (1,'Процессор/Чип'),(2,'Пк'),(3,'Ноутбук'),(4,'Материнская плата'),(5,'Видеокарта');
/*!40000 ALTER TABLE `equipment_type` ENABLE KEYS */;
UNLOCK TABLES;

--
-- Table structure for table `external_user`
--

DROP TABLE IF EXISTS `external_user`;
/*!40101 SET @saved_cs_client     = @@character_set_client */;
/*!50503 SET character_set_client = utf8mb4 */;
CREATE TABLE `external_user` (
  `user_id` int NOT NULL,
  `user_group` varchar(45) DEFAULT NULL,
  `login` varchar(45) DEFAULT NULL,
  `password` varchar(45) DEFAULT NULL,
  PRIMARY KEY (`user_id`)
) ENGINE=InnoDB DEFAULT CHARSET=utf8mb4 COLLATE=utf8mb4_0900_ai_ci;
/*!40101 SET character_set_client = @saved_cs_client */;

--
-- Dumping data for table `external_user`
--

LOCK TABLES `external_user` WRITE;
/*!40000 ALTER TABLE `external_user` DISABLE KEYS */;
INSERT INTO `external_user` VALUES (1,NULL,'tester','tester'),(2,NULL,'ext','ext'),(3,NULL,'user','user');
/*!40000 ALTER TABLE `external_user` ENABLE KEYS */;
UNLOCK TABLES;

--
-- Table structure for table `internal_user`
--

DROP TABLE IF EXISTS `internal_user`;
/*!40101 SET @saved_cs_client     = @@character_set_client */;
/*!50503 SET character_set_client = utf8mb4 */;
CREATE TABLE `internal_user` (
  `user_id` int NOT NULL,
  `user_group` varchar(45) NOT NULL,
  `login` varchar(45) DEFAULT NULL,
  `password` varchar(45) DEFAULT NULL,
  PRIMARY KEY (`user_id`)
) ENGINE=InnoDB DEFAULT CHARSET=utf8mb4 COLLATE=utf8mb4_0900_ai_ci;
/*!40101 SET character_set_client = @saved_cs_client */;

--
-- Dumping data for table `internal_user`
--

LOCK TABLES `internal_user` WRITE;
/*!40000 ALTER TABLE `internal_user` DISABLE KEYS */;
INSERT INTO `internal_user` VALUES (1,'spokesman','admin','admin'),(2,'product_manager','pm','pm');
/*!40000 ALTER TABLE `internal_user` ENABLE KEYS */;
UNLOCK TABLES;

--
-- Table structure for table `list_of_testing`
--

DROP TABLE IF EXISTS `list_of_testing`;
/*!40101 SET @saved_cs_client     = @@character_set_client */;
/*!50503 SET character_set_client = utf8mb4 */;
CREATE TABLE `list_of_testing` (
  `id` int NOT NULL AUTO_INCREMENT,
  `status` int DEFAULT NULL,
  `protocol_id` int DEFAULT NULL,
  `id_test_type` int DEFAULT NULL,
  `date_test` date DEFAULT NULL,
  PRIMARY KEY (`id`),
  KEY `protocol_id_idx` (`protocol_id`),
  KEY `id_test_type` (`id_test_type`),
  CONSTRAINT `id_test_type` FOREIGN KEY (`id_test_type`) REFERENCES `type_tests` (`id_tt`),
  CONSTRAINT `protocol_id` FOREIGN KEY (`protocol_id`) REFERENCES `test_protocol` (`id_p`)
) ENGINE=InnoDB AUTO_INCREMENT=448 DEFAULT CHARSET=utf8mb4 COLLATE=utf8mb4_0900_ai_ci;
/*!40101 SET character_set_client = @saved_cs_client */;

--
-- Dumping data for table `list_of_testing`
--

LOCK TABLES `list_of_testing` WRITE;
/*!40000 ALTER TABLE `list_of_testing` DISABLE KEYS */;
INSERT INTO `list_of_testing` VALUES (1,1,0,5,'2022-04-29'),(2,0,1,6,'2022-06-27'),(3,1,2,6,'2022-05-03'),(4,0,3,3,'2022-09-27'),(5,0,3,4,'2022-10-08'),(6,0,4,2,'2022-11-24'),(7,0,4,4,'2022-12-06'),(8,0,4,3,'2022-12-10'),(9,1,5,2,'2022-01-19'),(10,0,5,4,'2022-01-22'),(11,1,6,2,'2022-06-03'),(12,0,7,5,'2022-11-13'),(13,0,7,3,'2022-11-05'),(14,0,7,6,'2022-10-30'),(15,0,8,2,'2022-05-17'),(16,0,8,5,'2022-05-23'),(17,0,9,2,'2022-09-03'),(18,0,9,5,'2022-08-26'),(19,1,10,6,'2022-02-08'),(20,1,11,2,'2022-03-20'),(21,1,12,2,'2022-11-28'),(22,1,12,5,'2022-11-17'),(23,1,12,3,'2022-11-20'),(24,1,12,2,'2022-11-17'),(25,0,13,5,'2022-11-03'),(26,0,14,1,'2022-09-27'),(27,1,15,5,'2022-03-04'),(28,0,16,4,'2022-04-26'),(29,0,17,6,'2022-11-18'),(30,1,17,5,'2022-11-21'),(31,1,18,6,'2022-08-01'),(32,1,19,1,'2022-02-07'),(33,0,19,5,'2022-02-15'),(34,0,20,3,'2022-11-22'),(35,0,20,3,'2022-12-04'),(36,1,20,2,'2022-11-22'),(37,0,20,3,'2022-12-05'),(38,1,21,1,'2022-11-05'),(39,1,22,4,'2022-01-13'),(40,1,22,1,'2022-01-13'),(41,1,22,2,'2022-01-22'),(42,1,22,6,'2022-01-10'),(43,1,23,4,'2022-09-20'),(44,0,24,5,'2022-04-25'),(45,0,24,1,'2022-04-09'),(46,0,25,2,'2022-10-14'),(47,0,25,6,'2022-11-05'),(48,1,25,2,'2022-11-02'),(49,0,25,6,'2022-10-11'),(50,0,25,3,'2022-10-09'),(51,0,26,6,'2022-07-30'),(52,1,26,1,'2022-08-10'),(53,0,26,4,'2022-08-13'),(54,1,27,3,'2022-09-29'),(55,0,27,4,'2022-10-10'),(56,0,27,6,'2022-10-12'),(57,0,27,4,'2022-10-11'),(58,1,27,5,'2022-09-16'),(59,1,27,6,'2022-09-26'),(60,0,28,3,'2022-10-22'),(61,1,29,4,'2022-02-19'),(62,1,29,2,'2022-02-26'),(63,1,30,1,'2022-03-24'),(64,1,31,3,'2022-05-22'),(65,1,31,2,'2022-05-28'),(66,0,32,6,'2022-09-20'),(67,1,32,5,'2022-09-15'),(68,0,33,2,'2022-01-17'),(69,1,33,2,'2022-01-30'),(70,1,34,2,'2022-10-09'),(71,0,34,4,'2022-11-03'),(72,0,35,1,'2022-02-07'),(73,1,35,5,'2022-02-13'),(74,1,35,4,'2022-03-03'),(75,0,36,6,'2022-08-07'),(76,1,36,1,'2022-08-15'),(77,1,37,5,'2022-07-04'),(78,0,38,1,'2022-03-10'),(79,0,39,3,'2022-08-21'),(80,1,39,3,'2022-08-12'),(81,0,39,1,'2022-08-20'),(82,0,40,2,'2022-03-16'),(83,0,41,4,'2022-05-29'),(84,0,41,3,'2022-06-01'),(85,0,42,5,'2022-10-15'),(86,0,42,3,'2022-10-16'),(87,1,42,5,'2022-10-04'),(88,1,42,3,'2022-10-28'),(89,1,43,3,'2022-05-02'),(90,1,44,6,'2022-12-04'),(91,0,44,1,'2022-12-01'),(92,1,44,3,'2022-11-26'),(93,1,44,1,'2022-12-08'),(94,1,44,5,'2022-12-02'),(95,1,45,4,'2022-10-01'),(96,1,46,3,'2022-05-29'),(97,0,46,6,'2022-05-15'),(98,0,47,3,'2022-02-19'),(99,1,48,4,'2022-07-10'),(100,1,49,5,'2022-09-17'),(101,0,49,6,'2022-09-06'),(102,0,49,2,'2022-09-10'),(103,1,49,6,'2022-09-03'),(104,0,50,8,'2022-08-17'),(105,0,51,11,'2022-06-28'),(106,1,51,10,'2022-06-06'),(107,1,52,15,'2022-12-01'),(108,1,52,11,'2022-12-08'),(109,0,53,19,'2022-12-11'),(110,1,53,13,'2022-11-28'),(111,0,53,9,'2022-11-25'),(112,1,54,11,'2022-03-29'),(113,1,54,13,'2022-03-17'),(114,1,55,18,'2022-11-06'),(115,1,55,16,'2022-10-31'),(116,1,56,19,'2022-02-09'),(117,1,56,8,'2022-02-27'),(118,0,57,15,'2022-06-18'),(119,0,58,9,'2022-12-05'),(120,1,59,17,'2022-06-30'),(121,0,59,18,'2022-06-24'),(122,1,60,27,'2022-09-09'),(123,0,61,25,'2022-07-03'),(124,1,62,24,'2022-11-18'),(125,1,63,23,'2022-01-22'),(126,0,64,29,'2022-02-22'),(127,1,65,27,'2022-05-14'),(128,0,66,29,'2022-10-13'),(129,1,66,20,'2022-10-07'),(130,0,67,23,'2022-04-10'),(131,0,68,21,'2022-06-08'),(132,0,69,25,'2022-03-26'),(133,0,70,34,'2022-04-29'),(134,1,70,32,'2022-04-05'),(135,0,70,31,'2022-04-05'),(136,1,70,32,'2022-04-05'),(137,1,70,31,'2022-04-09'),(138,1,71,34,'2022-02-04'),(139,0,71,32,'2022-02-07'),(140,1,71,33,'2022-02-08'),(141,1,71,30,'2022-02-21'),(142,0,72,34,'2022-11-04'),(143,1,72,33,'2022-11-19'),(144,0,73,31,'2022-02-17'),(145,0,73,32,'2022-02-12'),(146,0,73,33,'2022-02-28'),(147,0,74,30,'2022-06-06'),(148,0,75,31,'2022-07-02'),(149,1,75,32,'2022-06-17'),(150,0,76,33,'2022-02-28'),(151,0,76,31,'2022-02-15'),(152,0,77,31,'2022-11-16'),(153,0,78,31,'2022-06-14'),(154,1,78,31,'2022-06-26'),(155,0,78,32,'2022-06-10'),(156,0,79,34,'2022-05-24'),(157,0,79,32,'2022-05-30'),(158,1,79,30,'2022-05-20'),(159,0,79,33,'2022-05-31'),(160,1,79,32,'2022-05-08'),(161,1,80,30,'2022-04-15'),(162,1,80,30,'2022-04-07'),(163,1,80,34,'2022-03-30'),(164,0,81,31,'2022-06-16'),(165,0,82,34,'2022-06-19'),(166,1,83,32,'2022-08-28'),(167,0,84,34,'2022-02-09'),(168,0,85,33,'2022-01-14'),(169,1,85,34,'2022-01-31'),(170,1,85,30,'2022-01-16'),(171,1,85,30,'2022-01-10'),(172,1,85,33,'2022-01-12'),(173,1,85,32,'2022-02-02'),(174,0,85,32,'2022-01-11'),(175,1,85,32,'2022-01-26'),(176,1,86,32,'2022-09-21'),(177,1,86,32,'2022-10-03'),(178,1,87,31,'2022-10-28'),(179,1,88,32,'2022-06-02'),(180,0,89,34,'2022-08-10'),(181,1,89,34,'2022-07-31'),(182,1,90,37,'2022-05-30'),(183,0,91,43,'2022-11-27'),(184,0,92,38,'2022-05-04'),(185,0,92,41,'2022-05-16'),(186,1,92,37,'2022-05-21'),(187,0,92,36,'2022-05-08'),(188,0,93,35,'2022-03-19'),(189,0,93,37,'2022-03-20'),(190,0,94,44,'2022-08-28'),(191,0,94,36,'2022-08-24'),(192,1,94,42,'2022-08-13'),(193,1,95,42,'2022-07-15'),(194,1,96,44,'2022-02-10'),(195,1,97,36,'2022-03-24'),(196,0,98,44,'2022-08-23'),(197,1,99,35,'2022-10-19'),(198,1,100,5,'2022-07-01'),(199,0,101,6,'2022-06-11'),(200,0,102,6,'2022-05-23'),(201,0,103,2,'2022-03-22'),(202,1,103,2,'2022-03-28'),(203,1,104,1,'2022-06-02'),(204,1,104,5,'2022-05-14'),(205,1,104,3,'2022-05-09'),(206,0,105,4,'2022-10-21'),(207,0,106,5,'2022-11-24'),(208,1,107,1,'2022-09-18'),(209,0,108,5,'2022-09-09'),(210,1,108,2,'2022-09-09'),(211,0,108,4,'2022-09-16'),(212,1,109,5,'2022-09-09'),(213,1,110,4,'2022-05-25'),(214,0,110,2,'2022-06-04'),(215,1,110,2,'2022-05-25'),(216,1,110,4,'2022-05-13'),(217,0,110,4,'2022-05-10'),(218,1,111,6,'2022-10-31'),(219,0,111,4,'2022-10-09'),(220,1,111,5,'2022-10-30'),(221,0,111,2,'2022-10-06'),(222,0,112,4,'2022-07-29'),(223,0,112,4,'2022-07-22'),(224,0,113,5,'2022-12-15'),(225,1,114,1,'2022-01-19'),(226,1,115,4,'2022-05-11'),(227,0,115,4,'2022-05-11'),(228,0,116,5,'2022-10-11'),(229,1,116,1,'2022-10-25'),(230,1,116,4,'2022-10-29'),(231,1,117,1,'2022-04-05'),(232,1,118,1,'2022-09-08'),(233,1,119,1,'2022-07-18'),(234,1,119,4,'2022-07-09'),(235,0,119,4,'2022-06-24'),(236,1,120,3,'2022-01-13'),(237,1,120,2,'2022-02-03'),(238,0,121,3,'2022-08-05'),(239,1,122,1,'2022-10-10'),(240,0,123,6,'2022-03-09'),(241,0,124,2,'2022-04-05'),(242,0,124,4,'2022-04-01'),(243,0,124,3,'2022-03-31'),(244,1,124,5,'2022-04-02'),(245,1,124,1,'2022-03-28'),(246,0,124,2,'2022-03-20'),(247,1,125,2,'2022-01-10'),(248,1,126,3,'2022-02-15'),(249,1,126,6,'2022-02-15'),(250,0,126,4,'2022-02-16'),(251,0,127,6,'2022-05-22'),(252,0,127,5,'2022-06-16'),(253,1,128,2,'2022-04-30'),(254,0,129,3,'2022-01-13'),(255,0,129,4,'2022-01-20'),(256,1,130,6,'2022-02-15'),(257,1,131,2,'2022-09-30'),(258,0,132,3,'2022-10-08'),(259,0,132,6,'2022-10-21'),(260,0,133,2,'2022-07-11'),(261,0,133,3,'2022-07-05'),(262,0,133,4,'2022-07-01'),(263,0,133,4,'2022-07-04'),(264,0,133,3,'2022-07-16'),(265,0,134,6,'2022-11-09'),(266,0,135,6,'2022-10-30'),(267,1,136,5,'2022-04-11'),(268,0,137,4,'2022-12-01'),(269,1,137,3,'2022-11-22'),(270,1,138,2,'2022-05-14'),(271,1,138,3,'2022-05-03'),(272,0,139,4,'2022-09-19'),(273,0,139,5,'2022-09-25'),(274,1,139,6,'2022-09-21'),(275,0,140,2,'2022-06-28'),(276,0,140,4,'2022-07-07'),(277,0,140,5,'2022-07-19'),(278,0,141,1,'2022-02-08'),(279,0,141,2,'2022-01-26'),(280,1,141,6,'2022-02-11'),(281,0,142,1,'2022-09-07'),(282,0,142,5,'2022-09-04'),(283,0,143,6,'2022-01-23'),(284,0,143,5,'2022-01-23'),(285,1,143,2,'2022-02-07'),(286,1,144,5,'2022-04-08'),(287,0,145,6,'2022-11-22'),(288,1,145,2,'2022-11-19'),(289,0,145,5,'2022-11-21'),(290,0,145,3,'2022-12-11'),(291,1,146,1,'2022-09-07'),(292,1,146,6,'2022-09-15'),(293,1,146,3,'2022-09-06'),(294,0,147,2,'2022-10-18'),(295,1,147,4,'2022-10-12'),(296,1,148,5,'2022-10-04'),(297,1,149,6,'2022-02-12'),(298,0,149,5,'2022-02-07'),(299,1,149,5,'2022-01-27'),(300,0,149,2,'2022-02-14'),(301,0,150,15,'2022-05-21'),(302,0,150,18,'2022-06-03'),(303,1,151,14,'2022-07-10'),(304,1,152,11,'2022-06-11'),(305,1,153,8,'2022-01-13'),(306,1,153,19,'2022-01-22'),(307,1,154,12,'2022-06-11'),(308,1,155,8,'2022-04-06'),(309,1,156,10,'2022-08-07'),(310,0,156,11,'2022-08-02'),(311,1,156,11,'2022-08-04'),(312,1,156,11,'2022-07-31'),(313,1,157,12,'2022-06-08'),(314,0,157,14,'2022-06-07'),(315,1,158,13,'2022-04-15'),(316,0,159,13,'2022-10-25'),(317,1,160,25,'2022-02-10'),(318,1,160,23,'2022-02-04'),(319,0,160,26,'2022-01-28'),(320,0,160,26,'2022-02-08'),(321,0,160,29,'2022-01-26'),(322,0,160,25,'2022-02-10'),(323,1,160,20,'2022-01-16'),(324,1,161,23,'2022-07-09'),(325,0,161,24,'2022-07-10'),(326,1,161,21,'2022-07-23'),(327,0,162,29,'2022-10-15'),(328,1,162,23,'2022-10-06'),(329,1,162,24,'2022-10-15'),(330,0,162,20,'2022-10-10'),(331,1,163,25,'2022-04-09'),(332,1,163,24,'2022-04-16'),(333,1,163,26,'2022-04-08'),(334,1,163,27,'2022-03-31'),(335,1,164,23,'2022-02-08'),(336,1,164,29,'2022-01-27'),(337,1,165,29,'2022-09-02'),(338,0,165,20,'2022-09-19'),(339,1,165,21,'2022-09-24'),(340,1,166,20,'2022-11-27'),(341,1,167,22,'2022-05-11'),(342,0,168,24,'2022-01-05'),(343,0,168,20,'2022-01-21'),(344,1,168,23,'2022-01-13'),(345,0,169,21,'2022-08-06'),(346,0,169,21,'2022-07-29'),(347,1,170,30,'2022-09-15'),(348,1,171,32,'2022-02-20'),(349,1,171,30,'2022-03-02'),(350,1,172,30,'2022-04-22'),(351,1,172,31,'2022-04-28'),(352,1,173,34,'2022-02-04'),(353,1,173,31,'2022-02-18'),(354,1,173,34,'2022-02-04'),(355,1,174,33,'2022-03-03'),(356,1,174,34,'2022-03-02'),(357,1,174,30,'2022-02-14'),(358,1,174,30,'2022-03-07'),(359,0,174,33,'2022-02-16'),(360,0,175,32,'2022-11-01'),(361,1,175,34,'2022-11-07'),(362,0,175,32,'2022-10-30'),(363,1,175,30,'2022-11-17'),(364,0,176,30,'2022-03-02'),(365,1,177,33,'2022-09-26'),(366,1,178,34,'2022-05-19'),(367,0,179,32,'2022-04-23'),(368,0,179,33,'2022-05-09'),(369,1,179,30,'2022-05-17'),(370,1,180,34,'2022-02-12'),(371,0,181,31,'2022-05-11'),(372,1,182,32,'2022-05-23'),(373,1,183,31,'2022-05-11'),(374,1,183,30,'2022-05-12'),(375,1,184,33,'2022-02-08'),(376,0,185,31,'2022-05-31'),(377,0,186,30,'2022-06-22'),(378,0,186,32,'2022-06-19'),(379,0,186,32,'2022-06-10'),(380,1,187,34,'2022-07-13'),(381,1,187,34,'2022-07-08'),(382,0,188,32,'2022-06-03'),(383,0,189,32,'2022-04-09'),(384,1,189,31,'2022-04-05'),(385,1,190,39,'2022-08-23'),(386,0,191,37,'2022-10-27'),(387,1,191,38,'2022-10-14'),(388,1,192,40,'2022-02-10'),(389,1,193,36,'2022-05-14'),(390,0,193,43,'2022-04-27'),(391,1,194,42,'2022-08-22'),(392,1,195,40,'2022-10-14'),(393,1,196,44,'2022-06-03'),(394,1,197,40,'2022-05-02'),(395,1,197,39,'2022-05-07'),(396,1,198,39,'2022-01-27'),(397,0,199,42,'2022-08-16'),(398,1,199,36,'2022-08-19'),(399,1,199,36,'2022-07-30'),(400,0,200,4,'2022-12-10'),(436,1,201,1,'2022-12-20'),(437,1,201,3,'2022-12-15'),(438,1,201,4,'2022-12-15'),(439,1,201,4,'2022-12-13'),(440,0,201,4,'2022-12-30'),(441,1,201,1,'2022-12-13'),(442,1,201,1,'2022-12-13'),(443,1,201,1,'2022-12-13'),(444,1,201,1,'2022-12-31'),(445,1,201,1,'2022-12-30'),(446,1,201,1,'2022-12-15'),(447,1,201,1,'2022-12-21');
/*!40000 ALTER TABLE `list_of_testing` ENABLE KEYS */;
UNLOCK TABLES;

--
-- Table structure for table `REPORT_DATES`
--

DROP TABLE IF EXISTS `REPORT_DATES`;
/*!40101 SET @saved_cs_client     = @@character_set_client */;
/*!50503 SET character_set_client = utf8mb4 */;
CREATE TABLE `REPORT_DATES` (
  `id` int NOT NULL AUTO_INCREMENT,
  `year` int NOT NULL,
  `month` int NOT NULL,
  PRIMARY KEY (`id`)
) ENGINE=InnoDB AUTO_INCREMENT=6 DEFAULT CHARSET=latin1;
/*!40101 SET character_set_client = @saved_cs_client */;

--
-- Dumping data for table `REPORT_DATES`
--

LOCK TABLES `REPORT_DATES` WRITE;
/*!40000 ALTER TABLE `REPORT_DATES` DISABLE KEYS */;
INSERT INTO `REPORT_DATES` VALUES (1,2022,5),(2,2022,6),(3,2022,3),(4,2022,4),(5,2022,8);
/*!40000 ALTER TABLE `REPORT_DATES` ENABLE KEYS */;
UNLOCK TABLES;

--
-- Table structure for table `REPORTS_EQUIPMENT`
--

DROP TABLE IF EXISTS `REPORTS_EQUIPMENT`;
/*!40101 SET @saved_cs_client     = @@character_set_client */;
/*!50503 SET character_set_client = utf8mb4 */;
CREATE TABLE `REPORTS_EQUIPMENT` (
  `id` int NOT NULL AUTO_INCREMENT,
  `eq_id` int NOT NULL,
  `title` varchar(255) COLLATE utf8mb4_unicode_ci NOT NULL,
  `protocol_id` int NOT NULL,
  `status` int NOT NULL,
  `test_cnt` int NOT NULL,
  `good_cnt` int NOT NULL,
  `FIO` varchar(255) COLLATE utf8mb4_unicode_ci NOT NULL,
  `id_s` int NOT NULL,
  `report_date_id` int NOT NULL,
  PRIMARY KEY (`id`),
  KEY `eq_id` (`eq_id`),
  KEY `id_s` (`id_s`),
  KEY `report_date_id` (`report_date_id`),
  CONSTRAINT `reports_equipment_ibfk_1` FOREIGN KEY (`eq_id`) REFERENCES `EQUIPMENT` (`id_l`),
  CONSTRAINT `reports_equipment_ibfk_2` FOREIGN KEY (`id_s`) REFERENCES `staff` (`id_s`),
  CONSTRAINT `reports_equipment_ibfk_3` FOREIGN KEY (`report_date_id`) REFERENCES `REPORT_DATES` (`id`)
) ENGINE=InnoDB AUTO_INCREMENT=256 DEFAULT CHARSET=utf8mb4 COLLATE=utf8mb4_unicode_ci;
/*!40101 SET character_set_client = @saved_cs_client */;

--
-- Dumping data for table `REPORTS_EQUIPMENT`
--

LOCK TABLES `REPORTS_EQUIPMENT` WRITE;
/*!40000 ALTER TABLE `REPORTS_EQUIPMENT` DISABLE KEYS */;
INSERT INTO `REPORTS_EQUIPMENT` VALUES (1,0,'Intel Core i6-2101K',0,1,1,1,'Василиса Ниловна Сергеева',39,5),(2,1,'Intel Core i4-9580K',1,2,1,0,'Константин Аксёнович Ершов',80,5),(3,2,'Intel Core i1-7991K',2,1,1,1,'Тит Феликсович Коновалов',89,5),(4,5,'Intel Core i1-9201K',5,2,2,1,'Дарья Романовна Макарова',90,5),(5,6,'Intel Core i1-8306K',6,1,1,1,'Рожков Филарет Филатович',48,5),(6,8,'Intel Core i8-8868K',8,2,2,0,'Зинаида Валериевна Петухова',55,5),(7,60,'AMD Ryzen 7 7265X',10,1,1,1,'Щукин Андрей Иосифович',38,5),(8,61,'AMD Ryzen 2 3386X',11,1,1,1,'Назаров Радован Давыдович',65,5),(9,65,'AMD Ryzen 2 2327X',15,1,1,1,'Андрей Денисович Горбунов',9,5),(10,66,'AMD Ryzen 9 1740X',16,2,1,0,'Агафонова Валентина Макаровна',87,5),(11,68,'AMD Ryzen 7 9212X',18,1,1,1,'Зинаида Валериевна Петухова',55,5),(12,69,'AMD Ryzen 3 2171X',19,2,2,1,'Смирнова Любовь Рубеновна',13,5),(13,72,'AMD Ryzen 1 9985X',22,1,4,4,'Корнилов Евлампий Харитонович',46,5),(14,74,'AMD Ryzen 7 7576X',24,2,2,0,'Мария Кузьминична Тарасова',93,5),(15,76,'AMD Ryzen 6 1167X',26,2,3,1,'Петухова Ксения Архиповна',4,5),(16,79,'AMD Ryzen 6 9812X',29,1,2,2,'Никонов Борис Трифонович',97,5),(17,80,'AMD Ryzen 1 8727X',30,1,1,1,'Федот Егорович Силин',49,5),(18,81,'AMD Ryzen 9 2633X',31,1,2,2,'Попова Раиса Аскольдовна',43,5),(19,83,'AMD Ryzen 3 7684X',33,2,2,1,'Хохлова Наина Никифоровна',75,5),(20,85,'AMD Ryzen 7 6269X',35,2,3,2,'Щукин Андрей Иосифович',38,5),(21,86,'AMD Ryzen 2 1427X',36,2,2,1,'Регина Руслановна Кудрявцева',8,5),(22,87,'AMD Ryzen 2 8913X',37,1,1,1,'Блинова Елизавета Леонидовна',20,5),(23,88,'AMD Ryzen 3 9186X',38,2,1,0,'Шестакова Любовь Ниловна',57,5),(24,89,'AMD Ryzen 7 7140X',39,2,3,1,'Марина Альбертовна Маркова',84,5),(25,90,'AMD Ryzen 2 5322X',40,2,1,0,'Федот Егорович Силин',49,5),(26,91,'AMD Ryzen 6 8595X',41,2,2,0,'Рожков Филарет Филатович',48,5),(27,93,'AMD Ryzen 7 6635X',43,1,1,1,'Уваров Панкратий Владиславович',31,5),(28,96,'AMD Ryzen 2 6958X',46,2,2,1,'Уваров Панкратий Владиславович',31,5),(29,97,'AMD Ryzen 9 5818X',47,2,1,0,'Юдина Евфросиния Макаровна',73,5),(30,98,'AMD Ryzen 5 5112X',48,1,1,1,'Прохорова Лукия Ниловна',27,5),(31,20,'Asus PC6-1803',50,2,1,0,'Евфросиния Ивановна Попова',85,5),(32,21,'Asus PC5-1469',51,2,2,1,'Наталья Геннадиевна Петрова',50,5),(33,24,'Asus PC4-4818',54,1,2,2,'Степанов Симон Тарасович',52,5),(34,26,'Asus PC3-2154',56,1,2,2,'Валентина Ефимовна Максимова',32,5),(35,27,'Asus PC5-8621',57,2,1,0,'Агафонова Валентина Макаровна',87,5),(36,29,'Asus PC3-8824',59,2,2,1,'Маргарита Вячеславовна Корнилова',0,5),(37,10,'Asus M5-7609Q',60,1,1,1,'Эмилия Юрьевна Белозерова',64,5),(38,11,'Asus M8-5431Q',61,2,1,0,'Нинель Львовна Тихонова',88,5),(39,13,'Asus M9-1619Q',63,1,1,1,'Кошелева Эмилия Степановна',14,5),(40,14,'Asus M4-3258Q',64,2,1,0,'Никанор Глебович Пономарев',29,5),(41,15,'Asus M4-2374Q',65,1,1,1,'Лукия Максимовна Гаврилова',98,5),(42,17,'Asus M8-4488Q',67,2,1,0,'Кошелева Эмилия Степановна',14,5),(43,18,'Asus M1-7385Q',68,2,1,0,'Тарасов Петр Федосьевич',95,5),(44,19,'Asus M6-4984Q',69,2,1,0,'Аристарх Германович Моисеев',3,5),(45,30,'GIGABYTE MH6-2566-90',70,2,5,3,'Корнилов Евлампий Харитонович',46,5),(46,31,'GIGABYTE MH8-8596-91',71,2,4,3,'Евфросиния Ивановна Попова',85,5),(47,33,'GIGABYTE MH8-9858-13',73,2,3,0,'Людмила Николаевна Михеева',81,5),(48,34,'GIGABYTE MH9-7719-57',74,2,1,0,'Давыдов Степан Богданович',33,5),(49,35,'GIGABYTE MH1-5712-51',75,2,2,1,'Юдина Евфросиния Макаровна',73,5),(50,36,'GIGABYTE MH4-9412-95',76,2,2,0,'Давыдов Степан Богданович',33,5),(51,38,'GIGABYTE MH1-9877-60',78,2,3,1,'Станимир Егорович Беляков',34,5),(52,39,'GIGABYTE MH6-3127-92',79,2,5,2,'Ширяев Демьян Трофимович',41,5),(53,40,'MSI K3-3169-57',80,1,3,3,'Давыдов Степан Богданович',33,5),(54,41,'MSI K1-9249-83',81,2,1,0,'тов. Назарова Лидия Сергеевна',23,5),(55,42,'MSI K1-3645-84',82,2,1,0,'Прохорова Лукия Ниловна',27,5),(56,43,'MSI K5-4423-65',83,1,1,1,'Агап Филимонович Дмитриев',62,5),(57,44,'MSI K4-7417-56',84,2,1,0,'Ладимир Гурьевич Кононов',76,5),(58,45,'MSI K4-4694-13',85,2,8,6,'Евфросиния Ивановна Попова',85,5),(59,48,'MSI K3-6862-80',88,1,1,1,'Дьячков Филимон Валерьевич',63,5),(60,49,'MSI K6-2644-77',89,2,2,1,'Валентина Ефимовна Максимова',32,5),(61,50,'ASRock Q8-3238-57',90,1,1,1,'Мария Кузьминична Тарасова',93,5),(62,52,'ASRock Q2-3923-79',92,2,4,1,'Лаврентьева Оксана Эльдаровна',5,5),(63,53,'ASRock Q5-2671-71',93,2,2,0,'Эмилия Юрьевна Белозерова',64,5),(64,54,'ASRock Q6-4769-40',94,2,3,1,'Юдина Евфросиния Макаровна',73,5),(65,55,'ASRock Q7-1889-10',95,1,1,1,'Леонид Егорович Журавлев',77,5),(66,56,'ASRock Q8-2195-20',96,1,1,1,'Дарья Романовна Макарова',90,5),(67,57,'ASRock Q6-6106-30',97,1,1,1,'Анжела Вениаминовна Комиссарова',6,5),(68,58,'ASRock Q2-4458-13',98,2,1,0,'Юдина Евфросиния Макаровна',73,5),(69,0,'Intel Core i6-2101K',100,1,1,1,'Нинель Рубеновна Куликова',66,5),(70,1,'Intel Core i4-9580K',101,2,1,0,'Эмилия Юрьевна Белозерова',64,5),(71,2,'Intel Core i1-7991K',102,2,1,0,'Нестор Харлампьевич Пахомов',2,5),(72,3,'Intel Core i2-7880K',103,2,2,1,'Маргарита Вячеславовна Корнилова',0,5),(73,4,'Intel Core i5-7844K',104,1,3,3,'Марфа Матвеевна Беляева',17,5),(74,60,'AMD Ryzen 7 7265X',110,2,5,3,'Шестакова Любовь Ниловна',57,5),(75,62,'AMD Ryzen 5 6328X',112,2,2,0,'Егор Владленович Моисеев',99,5),(76,64,'AMD Ryzen 6 8660X',114,1,1,1,'Дарья Геннадиевна Андреева',1,5),(77,65,'AMD Ryzen 2 2327X',115,2,2,1,'Петухова Ксения Архиповна',4,5),(78,67,'AMD Ryzen 6 4376X',117,1,1,1,'Щукин Андрей Иосифович',38,5),(79,69,'AMD Ryzen 3 2171X',119,2,3,2,'Виноградова Фаина Викторовна',72,5),(80,70,'AMD Ryzen 2 3175X',120,1,2,2,'Епифан Измаилович Некрасов',83,5),(81,71,'AMD Ryzen 5 5400X',121,2,1,0,'Назаров Радован Давыдович',65,5),(82,73,'AMD Ryzen 7 3940X',123,2,1,0,'Федосеева Вера Богдановна',54,5),(83,74,'AMD Ryzen 7 7576X',124,2,6,2,'Никанор Глебович Пономарев',29,5),(84,75,'AMD Ryzen 6 5742X',125,1,1,1,'Ершова Вера Михайловна',22,5),(85,76,'AMD Ryzen 6 1167X',126,2,3,2,'Анжела Вениаминовна Комиссарова',6,5),(86,77,'AMD Ryzen 3 3471X',127,2,2,0,'Силантий Аксёнович Козлов',94,5),(87,78,'AMD Ryzen 5 7752X',128,1,1,1,'Лазарь Юлианович Аксенов',58,5),(88,79,'AMD Ryzen 6 9812X',129,2,2,0,'Герасимов Мефодий Ильич',59,5),(89,80,'AMD Ryzen 1 8727X',130,1,1,1,'Андрей Денисович Горбунов',9,5),(90,83,'AMD Ryzen 3 7684X',133,2,5,0,'Регина Руслановна Кудрявцева',8,5),(91,86,'AMD Ryzen 2 1427X',136,1,1,1,'Котов Глеб Анатольевич',37,5),(92,88,'AMD Ryzen 3 9186X',138,1,2,2,'Епифан Измаилович Некрасов',83,5),(93,90,'AMD Ryzen 2 5322X',140,2,3,0,'Степанов Симон Тарасович',52,5),(94,91,'AMD Ryzen 6 8595X',141,2,3,1,'Иванов Исидор Ермолаевич',61,5),(95,93,'AMD Ryzen 7 6635X',143,2,3,1,'Хохлова Наина Никифоровна',75,5),(96,94,'AMD Ryzen 3 6118X',144,1,1,1,'Ростислав Эдгардович Муравьев',74,5),(97,96,'AMD Ryzen 2 6958X',146,1,3,3,'Лаврентьева Оксана Эльдаровна',5,5),(98,99,'AMD Ryzen 1 6334X',149,2,4,2,'Ершова Вера Михайловна',22,5),(99,20,'Asus PC6-1803',150,2,2,0,'Анисимова Марфа Николаевна',18,5),(100,21,'Asus PC5-1469',151,1,1,1,'Василиса Ниловна Сергеева',39,5),(101,22,'Asus PC4-8491',152,1,1,1,'Нинель Рубеновна Куликова',66,5),(102,23,'Asus PC5-3622',153,1,2,2,'Азарий Ануфриевич Одинцов',19,5),(103,24,'Asus PC4-4818',154,1,1,1,'Нинель Львовна Тихонова',88,5),(104,25,'Asus PC7-8655',155,1,1,1,'Ефим Терентьевич Кононов',26,5),(105,26,'Asus PC3-2154',156,2,4,3,'Никифорова Евпраксия Ефимовна',15,5),(106,27,'Asus PC5-8621',157,2,2,1,'Наталья Геннадиевна Петрова',50,5),(107,28,'Asus PC7-8383',158,1,1,1,'Эмилия Юрьевна Белозерова',64,5),(108,10,'Asus M5-7609Q',160,2,7,3,'Зинаида Валериевна Петухова',55,5),(109,11,'Asus M8-5431Q',161,2,3,2,'Ростислав Эдгардович Муравьев',74,5),(110,13,'Asus M9-1619Q',163,1,4,4,'Анжела Вениаминовна Комиссарова',6,5),(111,14,'Asus M4-3258Q',164,1,2,2,'Аггей Владиславович Ершов',92,5),(112,17,'Asus M8-4488Q',167,1,1,1,'Шестакова Любовь Ниловна',57,5),(113,18,'Asus M1-7385Q',168,2,3,1,'Маргарита Вячеславовна Корнилова',0,5),(114,19,'Asus M6-4984Q',169,2,2,0,'Агафонова Валентина Макаровна',87,5),(115,30,'GIGABYTE MH6-2566-90',170,1,1,1,'Шестакова Любовь Ниловна',57,5),(116,31,'GIGABYTE MH8-8596-91',171,1,2,2,'Федосеева Вера Богдановна',54,5),(117,32,'GIGABYTE MH5-6371-70',172,1,2,2,'Евфросиния Ивановна Попова',85,5),(118,33,'GIGABYTE MH8-9858-13',173,1,3,3,'Ростислав Эдгардович Муравьев',74,5),(119,34,'GIGABYTE MH9-7719-57',174,2,5,4,'Егор Владленович Моисеев',99,5),(120,36,'GIGABYTE MH4-9412-95',176,2,1,0,'Брагин Адам Витальевич',68,5),(121,38,'GIGABYTE MH1-9877-60',178,1,1,1,'Горбунов Христофор Алексеевич',11,5),(122,39,'GIGABYTE MH6-3127-92',179,2,3,1,'Борисов Александр Антипович',35,5),(123,40,'MSI K3-3169-57',180,1,1,1,'Ростислав Эдгардович Муравьев',74,5),(124,41,'MSI K1-9249-83',181,2,1,0,'Корнилов Евлампий Харитонович',46,5),(125,42,'MSI K1-3645-84',182,1,1,1,'Юлий Архипович Щербаков',28,5),(126,43,'MSI K5-4423-65',183,1,2,2,'Степанов Симон Тарасович',52,5),(127,44,'MSI K4-7417-56',184,1,1,1,'Дарья Романовна Макарова',90,5),(128,45,'MSI K4-4694-13',185,2,1,0,'Людмила Николаевна Михеева',81,5),(129,46,'MSI K7-1329-34',186,2,3,0,'Епифан Измаилович Некрасов',83,5),(130,47,'MSI K1-7317-24',187,1,2,2,'Виноградова Фаина Викторовна',72,5),(131,48,'MSI K3-6862-80',188,2,1,0,'Нинель Львовна Тихонова',88,5),(132,49,'MSI K6-2644-77',189,2,2,1,'Дмитриев Устин Владленович',16,5),(133,50,'ASRock Q8-3238-57',190,1,1,1,'Нестор Харлампьевич Пахомов',2,5),(134,52,'ASRock Q2-3923-79',192,1,1,1,'Андреева Фаина Артемовна',79,5),(135,53,'ASRock Q5-2671-71',193,2,2,1,'Нинель Львовна Тихонова',88,5),(136,54,'ASRock Q6-4769-40',194,1,1,1,'Блинова Елизавета Леонидовна',20,5),(137,56,'ASRock Q8-2195-20',196,1,1,1,'Аристарх Германович Моисеев',3,5),(138,57,'ASRock Q6-6106-30',197,1,2,2,'Юлий Архипович Щербаков',28,5),(139,58,'ASRock Q2-4458-13',198,1,1,1,'Белоусова Елена Болеславовна',91,5),(140,59,'ASRock Q3-7709-13',199,2,3,2,'Юлий Архипович Щербаков',28,5);
/*!40000 ALTER TABLE `REPORTS_EQUIPMENT` ENABLE KEYS */;
UNLOCK TABLES;

--
-- Table structure for table `REPORTS_STAFF`
--

DROP TABLE IF EXISTS `REPORTS_STAFF`;
/*!40101 SET @saved_cs_client     = @@character_set_client */;
/*!50503 SET character_set_client = utf8mb4 */;
CREATE TABLE `REPORTS_STAFF` (
  `id` int NOT NULL AUTO_INCREMENT,
  `staff_id` int NOT NULL,
  `FIO` varchar(255) COLLATE utf8mb4_unicode_ci NOT NULL,
  `works_done` int NOT NULL,
  `div_code` int NOT NULL,
  `people_in_div` int NOT NULL,
  `div_works` int NOT NULL,
  `report_date_id` int NOT NULL,
  PRIMARY KEY (`id`),
  KEY `report_date_id` (`report_date_id`),
  KEY `staff_id` (`staff_id`),
  CONSTRAINT `reports_staff_ibfk_1` FOREIGN KEY (`report_date_id`) REFERENCES `REPORT_DATES` (`id`),
  CONSTRAINT `reports_staff_ibfk_2` FOREIGN KEY (`staff_id`) REFERENCES `STAFF` (`id_s`)
) ENGINE=InnoDB AUTO_INCREMENT=127 DEFAULT CHARSET=utf8mb4 COLLATE=utf8mb4_unicode_ci;
/*!40101 SET character_set_client = @saved_cs_client */;

--
-- Dumping data for table `REPORTS_STAFF`
--

LOCK TABLES `REPORTS_STAFF` WRITE;
/*!40000 ALTER TABLE `REPORTS_STAFF` DISABLE KEYS */;
INSERT INTO `REPORTS_STAFF` VALUES (1,38,'Щукин Андрей Иосифович',3,1999,4,6,3),(2,90,'Дарья Романовна Макарова',3,1994,5,8,3),(3,54,'Федосеева Вера Богдановна',2,1990,2,3,3),(4,75,'Хохлова Наина Никифоровна',2,1997,5,9,3),(5,29,'Никанор Глебович Пономарев',2,1991,2,3,3),(6,0,'Маргарита Вячеславовна Корнилова',2,1992,4,6,3),(7,74,'Ростислав Эдгардович Муравьев',2,1997,5,9,3),(8,6,'Анжела Вениаминовна Комиссарова',2,1997,5,9,3),(9,49,'Федот Егорович Силин',2,1992,4,6,3),(10,9,'Андрей Денисович Горбунов',2,1997,5,9,3),(11,85,'Евфросиния Ивановна Попова',2,1996,2,3,3),(12,22,'Ершова Вера Михайловна',2,1995,4,5,3),(13,33,'Давыдов Степан Богданович',2,1994,5,8,3),(14,19,'Азарий Ануфриевич Одинцов',1,1994,5,8,3),(15,52,'Степанов Симон Тарасович',1,1994,5,8,3),(16,99,'Егор Владленович Моисеев',1,1994,5,8,3),(17,32,'Валентина Ефимовна Максимова',1,1993,3,3,3),(18,81,'Людмила Николаевна Михеева',1,1995,4,5,3),(19,97,'Никонов Борис Трифонович',1,1995,4,5,3),(20,55,'Зинаида Валериевна Петухова',1,1995,4,5,3),(21,57,'Шестакова Любовь Ниловна',1,1996,2,3,3),(22,91,'Белоусова Елена Болеславовна',1,1993,3,3,3),(23,46,'Корнилов Евлампий Харитонович',1,1997,5,9,3),(24,92,'Аггей Владиславович Ершов',1,1993,3,3,3),(25,59,'Герасимов Мефодий Ильич',1,1992,4,6,3),(26,64,'Эмилия Юрьевна Белозерова',1,1992,4,6,3),(27,16,'Дмитриев Устин Владленович',1,1991,2,3,3),(28,13,'Смирнова Любовь Рубеновна',1,1998,1,1,3),(29,26,'Ефим Терентьевич Кононов',1,1990,2,3,3),(30,73,'Юдина Евфросиния Макаровна',1,1999,4,6,3),(31,79,'Андреева Фаина Артемовна',1,1999,4,6,3),(32,1,'Дарья Геннадиевна Андреева',1,1999,4,6,3),(33,14,'Кошелева Эмилия Степановна',1,2000,7,7,3),(34,61,'Иванов Исидор Ермолаевич',1,2000,7,7,3),(35,65,'Назаров Радован Давыдович',1,2000,7,7,3),(36,68,'Брагин Адам Витальевич',1,2000,7,7,3),(37,76,'Ладимир Гурьевич Кононов',1,2000,7,7,3),(38,83,'Епифан Измаилович Некрасов',1,2000,7,7,3),(39,3,'Аристарх Германович Моисеев',1,2000,7,7,3),(64,38,'Щукин Андрей Иосифович',3,1999,5,7,4),(65,74,'Ростислав Эдгардович Муравьев',3,1997,5,12,4),(66,6,'Анжела Вениаминовна Комиссарова',3,1997,5,12,4),(67,85,'Евфросиния Ивановна Попова',3,1996,3,5,4),(68,90,'Дарья Романовна Макарова',3,1994,6,9,4),(69,0,'Маргарита Вячеславовна Корнилова',2,1992,5,8,4),(70,64,'Эмилия Юрьевна Белозерова',2,1992,5,8,4),(71,14,'Кошелева Эмилия Степановна',2,2000,8,9,4),(72,49,'Федот Егорович Силин',2,1992,5,8,4),(73,54,'Федосеева Вера Богдановна',2,1990,2,3,4),(74,46,'Корнилов Евлампий Харитонович',2,1997,5,12,4),(75,75,'Хохлова Наина Никифоровна',2,1997,5,12,4),(76,9,'Андрей Денисович Горбунов',2,1997,5,12,4),(77,29,'Никанор Глебович Пономарев',2,1991,3,4,4),(78,33,'Давыдов Степан Богданович',2,1994,6,9,4),(79,22,'Ершова Вера Михайловна',2,1995,5,6,4),(80,31,'Уваров Панкратий Владиславович',1,1991,3,4,4),(81,88,'Нинель Львовна Тихонова',1,1994,6,9,4),(82,52,'Степанов Симон Тарасович',1,1994,6,9,4),(83,97,'Никонов Борис Трифонович',1,1995,5,6,4),(84,87,'Агафонова Валентина Макаровна',1,1995,5,6,4),(85,81,'Людмила Николаевна Михеева',1,1995,5,6,4),(86,55,'Зинаида Валериевна Петухова',1,1995,5,6,4),(87,19,'Азарий Ануфриевич Одинцов',1,1994,6,9,4),(88,57,'Шестакова Любовь Ниловна',1,1996,3,5,4),(89,99,'Егор Владленович Моисеев',1,1994,6,9,4),(90,93,'Мария Кузьминична Тарасова',1,1996,3,5,4),(91,32,'Валентина Ефимовна Максимова',1,1993,3,3,4),(92,16,'Дмитриев Устин Владленович',1,1991,3,4,4),(93,26,'Ефим Терентьевич Кононов',1,1990,2,3,4),(94,91,'Белоусова Елена Болеславовна',1,1993,3,3,4),(95,92,'Аггей Владиславович Ершов',1,1993,3,3,4),(96,13,'Смирнова Любовь Рубеновна',1,1998,2,2,4),(97,35,'Борисов Александр Антипович',1,1998,2,2,4),(98,58,'Лазарь Юлианович Аксенов',1,1999,5,7,4),(99,79,'Андреева Фаина Артемовна',1,1999,5,7,4),(100,37,'Котов Глеб Анатольевич',1,1992,5,8,4),(101,1,'Дарья Геннадиевна Андреева',1,1999,5,7,4),(102,73,'Юдина Евфросиния Макаровна',1,1999,5,7,4),(103,61,'Иванов Исидор Ермолаевич',1,2000,8,9,4),(104,65,'Назаров Радован Давыдович',1,2000,8,9,4),(105,68,'Брагин Адам Витальевич',1,2000,8,9,4),(106,76,'Ладимир Гурьевич Кононов',1,2000,8,9,4),(107,83,'Епифан Измаилович Некрасов',1,2000,8,9,4),(108,59,'Герасимов Мефодий Ильич',1,1992,5,8,4),(109,89,'Тит Феликсович Коновалов',1,2000,8,9,4),(110,3,'Аристарх Германович Моисеев',1,2000,8,9,4);
/*!40000 ALTER TABLE `REPORTS_STAFF` ENABLE KEYS */;
UNLOCK TABLES;

--
-- Table structure for table `staff`
--

DROP TABLE IF EXISTS `staff`;
/*!40101 SET @saved_cs_client     = @@character_set_client */;
/*!50503 SET character_set_client = utf8mb4 */;
CREATE TABLE `staff` (
  `id_s` int NOT NULL,
  `FIO` varchar(50) DEFAULT NULL,
  `birthday` date DEFAULT NULL,
  `div_code` int DEFAULT NULL,
  PRIMARY KEY (`id_s`)
) ENGINE=InnoDB DEFAULT CHARSET=utf8mb4 COLLATE=utf8mb4_0900_ai_ci;
/*!40101 SET character_set_client = @saved_cs_client */;

--
-- Dumping data for table `staff`
--

LOCK TABLES `staff` WRITE;
/*!40000 ALTER TABLE `staff` DISABLE KEYS */;
INSERT INTO `staff` VALUES (0,'Маргарита Вячеславовна Корнилова','1908-05-20',1992),(1,'Дарья Геннадиевна Андреева','1969-12-05',1999),(2,'Нестор Харлампьевич Пахомов','1993-06-21',1995),(3,'Аристарх Германович Моисеев','1934-04-02',2000),(4,'Петухова Ксения Архиповна','1986-04-06',1991),(5,'Лаврентьева Оксана Эльдаровна','2008-11-19',1998),(6,'Анжела Вениаминовна Комиссарова','1975-11-10',1997),(7,'Синклитикия Феликсовна Васильева','2020-10-19',2000),(8,'Регина Руслановна Кудрявцева','1933-02-15',1992),(9,'Андрей Денисович Горбунов','1996-01-01',1997),(10,'Татьяна Леонидовна Цветкова','2016-02-10',1994),(11,'Горбунов Христофор Алексеевич','1983-05-15',1993),(12,'Трифон Гавриилович Константинов','1982-12-07',1996),(13,'Смирнова Любовь Рубеновна','1969-12-13',1998),(14,'Кошелева Эмилия Степановна','1933-12-11',2000),(15,'Никифорова Евпраксия Ефимовна','2010-09-08',1996),(16,'Дмитриев Устин Владленович','1967-12-22',1991),(17,'Марфа Матвеевна Беляева','1949-05-16',1999),(18,'Анисимова Марфа Николаевна','2022-03-14',1990),(19,'Азарий Ануфриевич Одинцов','1923-01-16',1994),(20,'Блинова Елизавета Леонидовна','2013-08-24',1990),(21,'тов. Ильина Жанна Львовна','1985-04-12',2000),(22,'Ершова Вера Михайловна','2007-04-16',1995),(23,'тов. Назарова Лидия Сергеевна','1925-06-17',1993),(24,'Панова Надежда Феликсовна','2013-06-12',1993),(25,'Артемий Фадеевич Афанасьев','1978-01-15',1992),(26,'Ефим Терентьевич Кононов','1943-09-27',1990),(27,'Прохорова Лукия Ниловна','1929-01-27',1990),(28,'Юлий Архипович Щербаков','1956-07-08',1997),(29,'Никанор Глебович Пономарев','2022-10-30',1991),(30,'Полина Валентиновна Полякова','1948-11-28',1999),(31,'Уваров Панкратий Владиславович','1922-12-15',1991),(32,'Валентина Ефимовна Максимова','1962-10-23',1993),(33,'Давыдов Степан Богданович','1960-04-30',1994),(34,'Станимир Егорович Беляков','1932-06-08',1998),(35,'Борисов Александр Антипович','1950-09-21',1998),(36,'Зиновьев Георгий Валерьевич','1907-03-13',1990),(37,'Котов Глеб Анатольевич','1929-05-22',1992),(38,'Щукин Андрей Иосифович','1941-08-14',1999),(39,'Василиса Ниловна Сергеева','1943-06-13',1991),(40,'Нестеров Анисим Витальевич','1909-03-15',2000),(41,'Ширяев Демьян Трофимович','2008-05-08',1992),(42,'Гуляев Трифон Яковлевич','2016-09-12',2000),(43,'Попова Раиса Аскольдовна','1939-09-21',1993),(44,'Шубин Ратибор Гавриилович','1950-07-21',1990),(45,'Фадеев Зосима Матвеевич','1973-04-03',1996),(46,'Корнилов Евлампий Харитонович','1943-10-06',1997),(47,'Михаил Ермилович Константинов','1998-12-16',1993),(48,'Рожков Филарет Филатович','1966-08-05',1992),(49,'Федот Егорович Силин','2008-09-27',1992),(50,'Наталья Геннадиевна Петрова','1912-06-13',2000),(51,'Акулина Богдановна Тетерина','1946-09-08',1996),(52,'Степанов Симон Тарасович','1989-01-16',1994),(53,'Петухова Агата Святославовна','1985-08-05',1999),(54,'Федосеева Вера Богдановна','2020-06-14',1990),(55,'Зинаида Валериевна Петухова','1993-03-20',1995),(56,'Дементьева Фаина Аркадьевна','1993-05-19',1994),(57,'Шестакова Любовь Ниловна','2013-10-10',1996),(58,'Лазарь Юлианович Аксенов','1937-04-26',1999),(59,'Герасимов Мефодий Ильич','1941-04-01',1992),(60,'Кабанова Виктория Болеславовна','1911-12-04',1993),(61,'Иванов Исидор Ермолаевич','1963-05-26',2000),(62,'Агап Филимонович Дмитриев','2003-09-17',1997),(63,'Дьячков Филимон Валерьевич','2010-01-31',1990),(64,'Эмилия Юрьевна Белозерова','1952-06-22',1992),(65,'Назаров Радован Давыдович','1927-07-31',2000),(66,'Нинель Рубеновна Куликова','1913-11-03',1991),(67,'Остап Денисович Комаров','2008-04-03',1993),(68,'Брагин Адам Витальевич','1932-12-18',2000),(69,'Рожкова Елизавета Аркадьевна','2009-12-08',1991),(70,'Прохорова Эмилия Ильинична','1954-03-03',1990),(71,'Ермил Вячеславович Гаврилов','2022-07-10',1998),(72,'Виноградова Фаина Викторовна','1998-02-25',1998),(73,'Юдина Евфросиния Макаровна','1962-12-07',1999),(74,'Ростислав Эдгардович Муравьев','1948-09-28',1997),(75,'Хохлова Наина Никифоровна','2019-02-14',1997),(76,'Ладимир Гурьевич Кононов','1993-11-01',2000),(77,'Леонид Егорович Журавлев','1959-01-02',1990),(78,'Шарова Наталья Ивановна','1978-02-13',1998),(79,'Андреева Фаина Артемовна','1984-05-31',1999),(80,'Константин Аксёнович Ершов','1913-02-03',1999),(81,'Людмила Николаевна Михеева','1923-06-09',1995),(82,'Уваров Изот Игоревич','2022-01-27',1997),(83,'Епифан Измаилович Некрасов','2006-03-17',2000),(84,'Марина Альбертовна Маркова','2012-10-12',1994),(85,'Евфросиния Ивановна Попова','1923-01-07',1996),(86,'Ираида Олеговна Горшкова','2017-12-28',1997),(87,'Агафонова Валентина Макаровна','1964-01-10',1995),(88,'Нинель Львовна Тихонова','1971-02-17',1994),(89,'Тит Феликсович Коновалов','1972-08-05',2000),(90,'Дарья Романовна Макарова','2015-03-11',1994),(91,'Белоусова Елена Болеславовна','1999-07-12',1993),(92,'Аггей Владиславович Ершов','1976-11-23',1993),(93,'Мария Кузьминична Тарасова','1996-06-12',1996),(94,'Силантий Аксёнович Козлов','1985-04-16',1991),(95,'Тарасов Петр Федосьевич','1968-01-13',1993),(96,'Пелагея Матвеевна Дьячкова','2003-01-16',1994),(97,'Никонов Борис Трифонович','2007-08-29',1995),(98,'Лукия Максимовна Гаврилова','1919-03-02',1992),(99,'Егор Владленович Моисеев','1965-08-14',1994);
/*!40000 ALTER TABLE `staff` ENABLE KEYS */;
UNLOCK TABLES;

--
-- Table structure for table `test_protocol`
--

DROP TABLE IF EXISTS `test_protocol`;
/*!40101 SET @saved_cs_client     = @@character_set_client */;
/*!50503 SET character_set_client = utf8mb4 */;
CREATE TABLE `test_protocol` (
  `id_p` int NOT NULL,
  `date_t` date DEFAULT NULL,
  `status` int DEFAULT NULL,
  `id_staff` int DEFAULT NULL,
  `id_eq` int DEFAULT NULL,
  PRIMARY KEY (`id_p`),
  KEY `id_eq_idx` (`id_eq`),
  KEY `id_staff_idx` (`id_staff`),
  CONSTRAINT `id_eq` FOREIGN KEY (`id_eq`) REFERENCES `equipment` (`id_l`),
  CONSTRAINT `id_staff` FOREIGN KEY (`id_staff`) REFERENCES `staff` (`id_s`)
) ENGINE=InnoDB DEFAULT CHARSET=utf8mb4 COLLATE=utf8mb4_0900_ai_ci;
/*!40101 SET character_set_client = @saved_cs_client */;

--
-- Dumping data for table `test_protocol`
--

LOCK TABLES `test_protocol` WRITE;
/*!40000 ALTER TABLE `test_protocol` DISABLE KEYS */;
INSERT INTO `test_protocol` VALUES (0,'2022-05-01',1,39,0),(1,'2022-06-21',2,80,1),(2,'2022-04-16',1,89,2),(3,'2022-10-03',2,25,3),(4,'2022-11-25',2,94,4),(5,'2022-01-02',2,90,5),(6,'2022-05-25',1,48,6),(7,'2022-11-04',2,5,7),(8,'2022-05-04',2,55,8),(9,'2022-09-01',2,65,9),(10,'2022-02-09',1,38,60),(11,'2022-03-25',1,65,61),(12,'2022-11-08',1,59,62),(13,'2022-11-04',2,77,63),(14,'2022-09-12',2,43,64),(15,'2022-02-14',1,9,65),(16,'2022-04-16',2,87,66),(17,'2022-11-06',2,99,67),(18,'2022-08-07',1,55,68),(19,'2022-02-11',2,13,69),(20,'2022-11-17',2,25,70),(21,'2022-10-29',1,5,71),(22,'2022-01-06',1,46,72),(23,'2022-09-02',1,4,73),(24,'2022-04-12',2,93,74),(25,'2022-10-16',2,60,75),(26,'2022-08-04',2,4,76),(27,'2022-09-22',2,19,77),(28,'2022-10-27',2,77,78),(29,'2022-02-16',1,97,79),(30,'2022-03-19',1,49,80),(31,'2022-05-25',1,43,81),(32,'2022-09-01',2,37,82),(33,'2022-01-10',2,75,83),(34,'2022-10-14',2,48,84),(35,'2022-02-14',2,38,85),(36,'2022-08-12',2,8,86),(37,'2022-07-03',1,20,87),(38,'2022-02-27',2,57,88),(39,'2022-08-09',2,84,89),(40,'2022-03-02',2,49,90),(41,'2022-05-29',2,48,91),(42,'2022-10-09',2,64,92),(43,'2022-04-30',1,31,93),(44,'2022-11-25',2,67,94),(45,'2022-09-16',1,14,95),(46,'2022-05-10',2,31,96),(47,'2022-02-13',2,73,97),(48,'2022-07-11',1,27,98),(49,'2022-09-02',2,62,99),(50,'2022-08-04',2,85,20),(51,'2022-06-12',2,50,21),(52,'2022-11-25',1,90,22),(53,'2022-11-29',2,37,23),(54,'2022-03-15',1,52,24),(55,'2022-11-06',1,64,25),(56,'2022-02-16',1,32,26),(57,'2022-06-23',2,87,27),(58,'2022-11-28',2,96,28),(59,'2022-06-21',2,0,29),(60,'2022-08-27',1,64,10),(61,'2022-07-02',2,88,11),(62,'2022-11-13',1,33,12),(63,'2022-01-03',1,14,13),(64,'2022-02-05',2,29,14),(65,'2022-05-12',1,98,15),(66,'2022-10-11',2,67,16),(67,'2022-04-13',2,14,17),(68,'2022-05-19',2,95,18),(69,'2022-03-21',2,3,19),(70,'2022-04-10',2,46,30),(71,'2022-02-11',2,85,31),(72,'2022-11-04',2,39,32),(73,'2022-02-10',2,81,33),(74,'2022-06-07',2,33,34),(75,'2022-06-18',2,73,35),(76,'2022-02-11',2,33,36),(77,'2022-11-08',2,6,37),(78,'2022-06-14',2,34,38),(79,'2022-05-13',2,41,39),(80,'2022-03-30',1,33,40),(81,'2022-06-03',2,23,41),(82,'2022-06-22',2,27,42),(83,'2022-08-30',1,62,43),(84,'2022-01-29',2,76,44),(85,'2022-01-14',2,85,45),(86,'2022-09-13',1,11,46),(87,'2022-11-03',1,43,47),(88,'2022-05-25',1,63,48),(89,'2022-08-02',2,32,49),(90,'2022-06-03',1,93,50),(91,'2022-11-30',2,88,51),(92,'2022-05-02',2,5,52),(93,'2022-03-20',2,64,53),(94,'2022-08-14',2,73,54),(95,'2022-06-25',1,77,55),(96,'2022-02-15',1,90,56),(97,'2022-03-07',1,6,57),(98,'2022-08-04',2,73,58),(99,'2022-10-01',1,52,59),(100,'2022-06-14',1,66,0),(101,'2022-06-12',2,64,1),(102,'2022-05-24',2,2,2),(103,'2022-03-21',2,0,3),(104,'2022-05-13',1,17,4),(105,'2022-10-01',2,30,5),(106,'2022-11-04',2,95,6),(107,'2022-09-11',1,94,7),(108,'2022-09-07',2,54,8),(109,'2022-09-03',1,94,9),(110,'2022-05-17',2,57,60),(111,'2022-10-11',2,59,61),(112,'2022-07-10',2,99,62),(113,'2022-12-04',2,34,63),(114,'2022-01-17',1,1,64),(115,'2022-05-06',2,4,65),(116,'2022-10-16',2,74,66),(117,'2022-03-24',1,38,67),(118,'2022-09-05',1,5,68),(119,'2022-06-28',2,72,69),(120,'2022-01-16',1,83,70),(121,'2022-08-03',2,65,71),(122,'2022-10-05',1,77,72),(123,'2022-03-07',2,54,73),(124,'2022-03-26',2,29,74),(125,'2022-01-13',1,22,75),(126,'2022-02-04',2,6,76),(127,'2022-05-27',2,94,77),(128,'2022-04-12',1,58,78),(129,'2022-01-07',2,59,79),(130,'2022-02-06',1,9,80),(131,'2022-10-03',1,39,81),(132,'2022-10-04',2,24,82),(133,'2022-07-01',2,8,83),(134,'2022-10-31',2,6,84),(135,'2022-11-06',2,88,85),(136,'2022-04-14',1,37,86),(137,'2022-11-11',2,40,87),(138,'2022-05-07',1,83,88),(139,'2022-09-07',2,80,89),(140,'2022-06-29',2,52,90),(141,'2022-01-23',2,61,91),(142,'2022-09-04',2,25,92),(143,'2022-01-22',2,75,93),(144,'2022-04-06',1,74,94),(145,'2022-11-26',2,37,95),(146,'2022-08-31',1,5,96),(147,'2022-10-10',2,31,97),(148,'2022-10-11',1,48,98),(149,'2022-02-03',2,22,99),(150,'2022-05-19',2,18,20),(151,'2022-07-07',1,39,21),(152,'2022-06-13',1,66,22),(153,'2022-01-08',1,19,23),(154,'2022-06-03',1,88,24),(155,'2022-03-31',1,26,25),(156,'2022-07-18',2,15,26),(157,'2022-05-28',2,50,27),(158,'2022-04-01',1,64,28),(159,'2022-10-31',2,73,29),(160,'2022-01-21',2,55,10),(161,'2022-07-06',2,74,11),(162,'2022-09-30',2,83,12),(163,'2022-04-06',1,6,13),(164,'2022-01-20',1,92,14),(165,'2022-09-06',2,2,15),(166,'2022-11-28',1,70,16),(167,'2022-05-05',1,57,17),(168,'2022-01-04',2,0,18),(169,'2022-08-05',2,87,19),(170,'2022-08-27',1,57,30),(171,'2022-02-21',1,54,31),(172,'2022-04-24',1,85,32),(173,'2022-02-05',1,74,33),(174,'2022-02-15',2,99,34),(175,'2022-11-04',2,51,35),(176,'2022-03-05',2,68,36),(177,'2022-09-06',1,30,37),(178,'2022-05-13',1,11,38),(179,'2022-04-28',2,35,39),(180,'2022-02-14',1,74,40),(181,'2022-05-16',2,46,41),(182,'2022-05-16',1,28,42),(183,'2022-05-06',1,52,43),(184,'2022-02-05',1,90,44),(185,'2022-05-12',2,81,45),(186,'2022-06-11',2,83,46),(187,'2022-06-26',1,72,47),(188,'2022-05-27',2,88,48),(189,'2022-03-26',2,16,49),(190,'2022-08-07',1,2,50),(191,'2022-10-17',2,2,51),(192,'2022-01-26',1,79,52),(193,'2022-04-26',2,88,53),(194,'2022-08-19',1,20,54),(195,'2022-10-15',1,59,55),(196,'2022-06-03',1,3,56),(197,'2022-05-09',1,28,57),(198,'2022-01-17',1,91,58),(199,'2022-08-06',2,28,59),(200,'2022-12-07',2,81,4),(201,'2022-12-11',NULL,30,1);
/*!40000 ALTER TABLE `test_protocol` ENABLE KEYS */;
UNLOCK TABLES;

--
-- Table structure for table `type_tests`
--

DROP TABLE IF EXISTS `type_tests`;
/*!40101 SET @saved_cs_client     = @@character_set_client */;
/*!50503 SET character_set_client = utf8mb4 */;
CREATE TABLE `type_tests` (
  `id_tt` int NOT NULL AUTO_INCREMENT,
  `name_tt` varchar(255) NOT NULL,
  `id_t` int NOT NULL,
  PRIMARY KEY (`id_tt`),
  KEY `id_t_idx` (`id_t`),
  CONSTRAINT `id_t` FOREIGN KEY (`id_t`) REFERENCES `equipment_type` (`id_t`)
) ENGINE=InnoDB AUTO_INCREMENT=45 DEFAULT CHARSET=utf8mb4 COLLATE=utf8mb4_0900_ai_ci;
/*!40101 SET character_set_client = @saved_cs_client */;

--
-- Dumping data for table `type_tests`
--

LOCK TABLES `type_tests` WRITE;
/*!40000 ALTER TABLE `type_tests` DISABLE KEYS */;
INSERT INTO `type_tests` VALUES (1,'Тест 1',1),(2,'Тест 2',1),(3,'Тест 3',1),(4,'Тест 4',1),(5,'Тест 5',1),(6,'Тест 6',1),(7,'Тест 1',2),(8,'Тест 2',2),(9,'Тест 3',2),(10,'Тест 4',2),(11,'Тест 5',2),(12,'Тест 6',2),(13,'Тест 7',2),(14,'Тест 8',2),(15,'Тест 9',2),(16,'Тест 10',2),(17,'Тест 11',2),(18,'Тест 12',2),(19,'Тест 13',2),(20,'Тест 1',3),(21,'Тест 2',3),(22,'Тест 3',3),(23,'Тест 4',3),(24,'Тест 5',3),(25,'Тест 6',3),(26,'Тест 7',3),(27,'Тест 8',3),(28,'Тест 9',3),(29,'Тест 10',3),(30,'Тест 1',4),(31,'Тест 2',4),(32,'Тест 3',4),(33,'Тест 4',4),(34,'Тест 5',4),(35,'Тест 1',5),(36,'Тест 2',5),(37,'Тест 3',5),(38,'Тест 4',5),(39,'Тест 5',5),(40,'Тест 6',5),(41,'Тест 7',5),(42,'Тест 8',5),(43,'Тест 9',5),(44,'Тест 10',5);
/*!40000 ALTER TABLE `type_tests` ENABLE KEYS */;
UNLOCK TABLES;

--
-- Dumping routines for database 'test_equip'
--
/*!50003 DROP PROCEDURE IF EXISTS `create_protocol` */;
/*!50003 SET @saved_cs_client      = @@character_set_client */ ;
/*!50003 SET @saved_cs_results     = @@character_set_results */ ;
/*!50003 SET @saved_col_connection = @@collation_connection */ ;
/*!50003 SET character_set_client  = utf8mb4 */ ;
/*!50003 SET character_set_results = utf8mb4 */ ;
/*!50003 SET collation_connection  = utf8mb4_0900_ai_ci */ ;
/*!50003 SET @saved_sql_mode       = @@sql_mode */ ;
/*!50003 SET sql_mode              = 'ONLY_FULL_GROUP_BY,STRICT_TRANS_TABLES,NO_ZERO_IN_DATE,NO_ZERO_DATE,ERROR_FOR_DIVISION_BY_ZERO,NO_ENGINE_SUBSTITUTION' */ ;
DELIMITER ;;
CREATE DEFINER=`root`@`localhost` PROCEDURE `create_protocol`(p_title VARCHAR(50), p_name VARCHAR(50))
BEGIN
	DECLARE ID, staff_id, eq_id INT;
	Select max(id_p)+1 into ID 
		from test_protocol;
	Select id_l INTO eq_id
		from equipment where title = p_title;
	SELECT id_s into staff_id
		FROM staff where FIO = p_name;
	INSERT into test_protocol values (ID, DATE(NOW()), NULL, staff_id, eq_id);
END ;;
DELIMITER ;
/*!50003 SET sql_mode              = @saved_sql_mode */ ;
/*!50003 SET character_set_client  = @saved_cs_client */ ;
/*!50003 SET character_set_results = @saved_cs_results */ ;
/*!50003 SET collation_connection  = @saved_col_connection */ ;
/*!50003 DROP PROCEDURE IF EXISTS `create_test` */;
/*!50003 SET @saved_cs_client      = @@character_set_client */ ;
/*!50003 SET @saved_cs_results     = @@character_set_results */ ;
/*!50003 SET @saved_col_connection = @@collation_connection */ ;
/*!50003 SET character_set_client  = utf8mb4 */ ;
/*!50003 SET character_set_results = utf8mb4 */ ;
/*!50003 SET collation_connection  = utf8mb4_0900_ai_ci */ ;
/*!50003 SET @saved_sql_mode       = @@sql_mode */ ;
/*!50003 SET sql_mode              = 'ONLY_FULL_GROUP_BY,STRICT_TRANS_TABLES,NO_ZERO_IN_DATE,NO_ZERO_DATE,ERROR_FOR_DIVISION_BY_ZERO,NO_ENGINE_SUBSTITUTION' */ ;
DELIMITER ;;
CREATE DEFINER=`root`@`localhost` PROCEDURE `create_test`(`status_` int, `id_t` int)
BEGIN
    update `list_of_testing`
		set `status` = `status_`
    where `id` = `id_t`;
    Select `id` from `list_of_testing` where `id`=`id_t`;
END ;;
DELIMITER ;
/*!50003 SET sql_mode              = @saved_sql_mode */ ;
/*!50003 SET character_set_client  = @saved_cs_client */ ;
/*!50003 SET character_set_results = @saved_cs_results */ ;
/*!50003 SET collation_connection  = @saved_col_connection */ ;
/*!50003 DROP PROCEDURE IF EXISTS `equipment_testing_statistic` */;
/*!50003 SET @saved_cs_client      = @@character_set_client */ ;
/*!50003 SET @saved_cs_results     = @@character_set_results */ ;
/*!50003 SET @saved_col_connection = @@collation_connection */ ;
/*!50003 SET character_set_client  = utf8mb4 */ ;
/*!50003 SET character_set_results = utf8mb4 */ ;
/*!50003 SET collation_connection  = utf8mb4_0900_ai_ci */ ;
/*!50003 SET @saved_sql_mode       = @@sql_mode */ ;
/*!50003 SET sql_mode              = 'ONLY_FULL_GROUP_BY,STRICT_TRANS_TABLES,NO_ZERO_IN_DATE,NO_ZERO_DATE,ERROR_FOR_DIVISION_BY_ZERO,NO_ENGINE_SUBSTITUTION' */ ;
DELIMITER ;;
CREATE DEFINER=`root`@`localhost` PROCEDURE `equipment_testing_statistic`(in_year int, in_month int)
BEGIN
	declare exist, ind  int default NULL;
    select id into ind from REPORT_DATES where year = in_year and month = in_month;
    if ind is not null then
		select exists(select * from reports_equipment where report_date_id = ind) into exist;
	else 
    begin
		insert into report_dates values(NULL, in_year, in_month);
        select id into ind from REPORT_DATES where year = in_year and month = in_month; 
	end;
    end if;
    -- if there are no reports made on this date
	IF EXIST = 0 or EXIST is NULL THEN
		Insert into reports_equipment
		select distinct
			NULL													as id,
			id_l													as eq_id,
			title													as title, 
			id_p													as protocol_id,
			test_protocol.status									as status,
			count(*) over (partition by id_p) 	    				as test_cnt,
			sum(list_of_testing.status) over (partition by id_p)	as good_cnt,
			FIO														as FIO, 
			id_s													as id_s,
            ind 													as report_date_id
		from equipment
			join test_protocol on id_l = id_eq
			join list_of_testing on protocol_id = id_p
			join staff on id_s = id_staff
		where 
			test_protocol.status is not null 
            and year(date_t) = in_year 
            and month(date_t) <= in_month;
	END IF;
END ;;
DELIMITER ;
/*!50003 SET sql_mode              = @saved_sql_mode */ ;
/*!50003 SET character_set_client  = @saved_cs_client */ ;
/*!50003 SET character_set_results = @saved_cs_results */ ;
/*!50003 SET collation_connection  = @saved_col_connection */ ;
/*!50003 DROP PROCEDURE IF EXISTS `plan_test` */;
/*!50003 SET @saved_cs_client      = @@character_set_client */ ;
/*!50003 SET @saved_cs_results     = @@character_set_results */ ;
/*!50003 SET @saved_col_connection = @@collation_connection */ ;
/*!50003 SET character_set_client  = utf8mb4 */ ;
/*!50003 SET character_set_results = utf8mb4 */ ;
/*!50003 SET collation_connection  = utf8mb4_0900_ai_ci */ ;
/*!50003 SET @saved_sql_mode       = @@sql_mode */ ;
/*!50003 SET sql_mode              = 'ONLY_FULL_GROUP_BY,STRICT_TRANS_TABLES,NO_ZERO_IN_DATE,NO_ZERO_DATE,ERROR_FOR_DIVISION_BY_ZERO,NO_ENGINE_SUBSTITUTION' */ ;
DELIMITER ;;
CREATE DEFINER=`root`@`localhost` PROCEDURE `plan_test`(ID_TYPE int, protocol_id int, test_type varchar(255), t_date DATE)
BEGIN
	DECLARE id_testtype INT DEFAULT 0;
	select ID_TT INTO id_testtype FROM type_tests WHERE NAME_TT = TEST_TYPE AND ID_T= ID_TYPE;
    INSERT INTO LIST_OF_TESTING VALUES (NULL, NULL, protocol_id, id_testtype, T_DATE);
END ;;
DELIMITER ;
/*!50003 SET sql_mode              = @saved_sql_mode */ ;
/*!50003 SET character_set_client  = @saved_cs_client */ ;
/*!50003 SET character_set_results = @saved_cs_results */ ;
/*!50003 SET collation_connection  = @saved_col_connection */ ;
/*!50003 DROP PROCEDURE IF EXISTS `set_status` */;
/*!50003 SET @saved_cs_client      = @@character_set_client */ ;
/*!50003 SET @saved_cs_results     = @@character_set_results */ ;
/*!50003 SET @saved_col_connection = @@collation_connection */ ;
/*!50003 SET character_set_client  = utf8mb4 */ ;
/*!50003 SET character_set_results = utf8mb4 */ ;
/*!50003 SET collation_connection  = utf8mb4_0900_ai_ci */ ;
/*!50003 SET @saved_sql_mode       = @@sql_mode */ ;
/*!50003 SET sql_mode              = 'ONLY_FULL_GROUP_BY,STRICT_TRANS_TABLES,NO_ZERO_IN_DATE,NO_ZERO_DATE,ERROR_FOR_DIVISION_BY_ZERO,NO_ENGINE_SUBSTITUTION' */ ;
DELIMITER ;;
CREATE DEFINER=`root`@`localhost` PROCEDURE `set_status`(date1 date)
BEGIN
DECLARE ID, ID_2, N1, N2, DONE, res INT DEFAULT -1;
DECLARE datee,current_d DATE;
DECLARE C1 CURSOR FOR
SELECT L.Protocol_id, sum(L.status), count(*) 
FROM (
	select l.* 
    from list_of_testing l 
    join test_protocol t 
		on l.protocol_id = t.id_p 
	where t.status is NULL  AND T.DATE_T <= DATE1
) L
GROUP BY L.Protocol_id;
DECLARE EXIT HANDLER FOR SQLSTATE '02000' SET DONE=1;
open c1;
WHILE DONE =-1 DO
  FETCH C1 INTO ID, N1,N2;
  Select status_update_date INTO current_d from equipment e join test_protocol t on e.id_l = t.id_eq where id_p=ID;
  Select t.id_eq into ID_2 FROM test_protocol t WHERE t.id_p = ID;
  
  select max(date_test) into datee from list_of_testing where protocol_id = ID;
  IF N2 > 0 and N1/N2 = 1 THEN 
	set res = 1;
  ELSE  
	set res = 2;
  END IF;
  if res > -1 and datee > current_d then
	UPDATE equipment set status = res, status_update_date = datee WHERE id_l = ID_2;
  end if;
  if res > -1 then
  	UPDATE test_protocol set STATUS = res WHERE id_p= ID;
  end if;
 END WHILE;
CLOSE C1;
END ;;
DELIMITER ;
/*!50003 SET sql_mode              = @saved_sql_mode */ ;
/*!50003 SET character_set_client  = @saved_cs_client */ ;
/*!50003 SET character_set_results = @saved_cs_results */ ;
/*!50003 SET collation_connection  = @saved_col_connection */ ;
/*!50003 DROP PROCEDURE IF EXISTS `staff_work_statistic` */;
/*!50003 SET @saved_cs_client      = @@character_set_client */ ;
/*!50003 SET @saved_cs_results     = @@character_set_results */ ;
/*!50003 SET @saved_col_connection = @@collation_connection */ ;
/*!50003 SET character_set_client  = utf8mb4 */ ;
/*!50003 SET character_set_results = utf8mb4 */ ;
/*!50003 SET collation_connection  = utf8mb4_0900_ai_ci */ ;
/*!50003 SET @saved_sql_mode       = @@sql_mode */ ;
/*!50003 SET sql_mode              = 'ONLY_FULL_GROUP_BY,STRICT_TRANS_TABLES,NO_ZERO_IN_DATE,NO_ZERO_DATE,ERROR_FOR_DIVISION_BY_ZERO,NO_ENGINE_SUBSTITUTION' */ ;
DELIMITER ;;
CREATE DEFINER=`root`@`localhost` PROCEDURE `staff_work_statistic`(in_year int, in_month int)
BEGIN
	declare exist, ind  int default NULL;
    select id into ind from REPORT_DATES where year = in_year and month = in_month;
    if ind is not null then
		select exists(select * from REPORTs_staff where report_date_id = id) into exist;
	else 
    begin
		insert into report_dates values(NULL, in_year, in_month);
        select id into ind from REPORT_DATES where year = in_year and month = in_month; 
	end;
    end if;
    -- if there are no reports made on this date
	IF EXIST = 0 or EXIST is NULL THEN
		Insert into reports_staff
		select 
			null									as id,
			id_s									AS staff_id,
			FIO										as FIO, 
			outt.cnt								as works_done, 
			div_code								as div_code, 
			count(*) over(PARTITION BY div_code)   	as people_in_div, 
			sum(cnt) over (PARTITION BY div_code) 	as div_works,
			ind 									as report_date_id
		from staff s join (
			Select id_staff, count(*) as cnt
			from test_protocol
			where year(date_t) = in_year and month(date_t) <= in_month
			group by id_staff
		) outt
			on outt.id_staff = s.id_s
		order by cnt desc;
	END IF;
END ;;
DELIMITER ;
/*!50003 SET sql_mode              = @saved_sql_mode */ ;
/*!50003 SET character_set_client  = @saved_cs_client */ ;
/*!50003 SET character_set_results = @saved_cs_results */ ;
/*!50003 SET collation_connection  = @saved_col_connection */ ;
/*!40103 SET TIME_ZONE=@OLD_TIME_ZONE */;

/*!40101 SET SQL_MODE=@OLD_SQL_MODE */;
/*!40014 SET FOREIGN_KEY_CHECKS=@OLD_FOREIGN_KEY_CHECKS */;
/*!40014 SET UNIQUE_CHECKS=@OLD_UNIQUE_CHECKS */;
/*!40101 SET CHARACTER_SET_CLIENT=@OLD_CHARACTER_SET_CLIENT */;
/*!40101 SET CHARACTER_SET_RESULTS=@OLD_CHARACTER_SET_RESULTS */;
/*!40101 SET COLLATION_CONNECTION=@OLD_COLLATION_CONNECTION */;
/*!40111 SET SQL_NOTES=@OLD_SQL_NOTES */;

-- Dump completed on 2022-12-15 21:23:35
